epoch,acc,loss,lr,val_acc,val_loss
0,0.15503247,2.17209075565462,1e-04,0.09375,2.0773184299468994
1,0.16842532,2.0321453453658465,1e-04,0.15625,2.0643465518951416
2,0.17654221,2.00820172529716,1e-04,0.109375,2.0479373931884766
3,0.19926947,1.9776428953393714,1e-04,0.1145833358168602,2.0372421741485596
4,0.19642857,1.948718799399091,1e-04,0.1770833283662796,1.9839763641357422
5,0.2150974,1.9324093461036682,1e-04,0.2552083432674408,1.9546890258789062
6,0.22362013,1.8985204851472532,1e-04,0.1979166716337204,1.9101436138153076
