epoch,acc,loss,lr,val_acc,val_loss
0,0.23618090452261306,1.9688849497081047,0.001,0.2833333333333333,2.8946121126413344
1,0.28,1.830716542005539,0.001,0.21666666666666667,2.6868478735287984
