epoch,acc,loss,lr,val_acc,val_loss
0,0.07304688,0.0,1e-04,0.15625,2.12058687210083
1,0.080078125,0.0,1e-04,0.1458333283662796,2.1640353202819824
2,0.08320312,0.0,1e-04,0.1145833358168602,2.3421623706817627
