epoch,loss,lr,mean_absolute_error,val_loss,val_mean_absolute_error
0,0.0781460590648676,0.001,0.22653051345006844,0.06008499786257744,0.20752901583909988
