epoch,acc,loss,lr,val_acc,val_loss
0,0.16489361226558685,16.820573806762695,0.001,0.10000000149011612,2.074934482574463
1,0.17553190886974335,2.0823893547058105,0.001,0.15000000596046448,2.067873239517212
2,0.17553190886974335,1.9476815462112427,0.001,0.10000000149011612,2.058152914047241
